{
  "control": "random_non_motif_position",
  "n_samples": 64,
  "target_layer": 7,
  "denoise": {
    "0": {
      "mean": -9.350839093327522,
      "std": 64.68321564767348,
      "n": 64
    },
    "1": {
      "mean": -11.791929803788662,
      "std": 62.52010823695178,
      "n": 64
    },
    "2": {
      "mean": -15.350262412801385,
      "std": 73.03668929437644,
      "n": 64
    },
    "3": {
      "mean": -16.101456325035542,
      "std": 76.32694873349168,
      "n": 64
    },
    "4": {
      "mean": -9.991629642667249,
      "std": 60.27293604541687,
      "n": 64
    },
    "5": {
      "mean": -6.318760864858632,
      "std": 42.954589935564165,
      "n": 64
    },
    "6": {
      "mean": -2.8849670308991335,
      "std": 26.54886277805817,
      "n": 64
    },
    "7": {
      "mean": 2.2513489548181553e-06,
      "std": 1.9421206592887846e-05,
      "n": 64
    },
    "8": {
      "mean": 2.2513489548181553e-06,
      "std": 1.9421206592887846e-05,
      "n": 64
    },
    "9": {
      "mean": 2.2513489548181553e-06,
      "std": 1.9421206592887846e-05,
      "n": 64
    },
    "10": {
      "mean": 2.2513489548181553e-06,
      "std": 1.9421206592887846e-05,
      "n": 64
    },
    "11": {
      "mean": 2.2513489548181553e-06,
      "std": 1.9421206592887846e-05,
      "n": 64
    },
    "12": {
      "mean": 2.2513489548181553e-06,
      "std": 1.9421206592887846e-05,
      "n": 64
    }
  },
  "noise": {
    "0": {
      "mean": 6.256246983073652,
      "std": 44.871682053697654,
      "n": 64
    },
    "1": {
      "mean": 6.7104878114769235,
      "std": 42.66614713747362,
      "n": 64
    },
    "2": {
      "mean": 9.66383473854512,
      "std": 62.502060461419674,
      "n": 64
    },
    "3": {
      "mean": 11.347558691632003,
      "std": 72.69554975384699,
      "n": 64
    },
    "4": {
      "mean": 4.900784449651837,
      "std": 50.39519256785943,
      "n": 64
    },
    "5": {
      "mean": 2.859416058054194,
      "std": 26.588269879154986,
      "n": 64
    },
    "6": {
      "mean": 0.6194038146641105,
      "std": 7.449809375355853,
      "n": 64
    },
    "7": {
      "mean": 8.635962918113194e-07,
      "std": 1.1568747430730838e-05,
      "n": 64
    },
    "8": {
      "mean": 8.635962918113194e-07,
      "std": 1.1568747430730838e-05,
      "n": 64
    },
    "9": {
      "mean": 8.635962918113194e-07,
      "std": 1.1568747430730838e-05,
      "n": 64
    },
    "10": {
      "mean": 8.635962918113194e-07,
      "std": 1.1568747430730838e-05,
      "n": 64
    },
    "11": {
      "mean": 8.635962918113194e-07,
      "std": 1.1568747430730838e-05,
      "n": 64
    },
    "12": {
      "mean": 8.635962918113194e-07,
      "std": 1.1568747430730838e-05,
      "n": 64
    }
  }
}