{
  "layer": 7,
  "multispecies": {
    "dataset": "multispecies",
    "classes": [
      "arabidopsis",
      "brachypodium_distachyon",
      "glycine_max",
      "oryza_sativa",
      "solanum_lycopersicum",
      "zea_mays"
    ],
    "n": 12000,
    "trained_per_layer": {
      "0": {
        "acc_mean": 0.5369166666666667,
        "acc_std": 0.0019454362549881264,
        "accs": [
          0.5383333333333333,
          0.5366666666666666,
          0.5341666666666667,
          0.53625,
          0.5391666666666667
        ]
      },
      "1": {
        "acc_mean": 0.5368333333333333,
        "acc_std": 0.005453401079448799,
        "accs": [
          0.5404166666666667,
          0.5345833333333333,
          0.5391666666666667,
          0.5416666666666666,
          0.5283333333333333
        ]
      },
      "2": {
        "acc_mean": 0.57125,
        "acc_std": 0.007883703303510209,
        "accs": [
          0.5608333333333333,
          0.5675,
          0.5716666666666667,
          0.5741666666666667,
          0.5820833333333333
        ]
      },
      "3": {
        "acc_mean": 0.5919166666666666,
        "acc_std": 0.010183217402504299,
        "accs": [
          0.5766666666666667,
          0.58875,
          0.59375,
          0.6041666666666666,
          0.59625
        ]
      },
      "4": {
        "acc_mean": 0.6165,
        "acc_std": 0.010955243544125874,
        "accs": [
          0.6166666666666667,
          0.60125,
          0.6270833333333333,
          0.6266666666666667,
          0.6108333333333333
        ]
      },
      "5": {
        "acc_mean": 0.6339166666666667,
        "acc_std": 0.013118715426612653,
        "accs": [
          0.63375,
          0.6133333333333333,
          0.6491666666666667,
          0.6395833333333333,
          0.63375
        ]
      },
      "6": {
        "acc_mean": 0.6634166666666668,
        "acc_std": 0.00449150432607062,
        "accs": [
          0.6625,
          0.65875,
          0.6616666666666666,
          0.6633333333333333,
          0.6708333333333333
        ]
      },
      "7": {
        "acc_mean": 0.6794166666666667,
        "acc_std": 0.0076296661496788425,
        "accs": [
          0.6854166666666667,
          0.6866666666666666,
          0.6808333333333333,
          0.67625,
          0.6679166666666667
        ]
      },
      "8": {
        "acc_mean": 0.6863333333333334,
        "acc_std": 0.010718137535142119,
        "accs": [
          0.6779166666666666,
          0.695,
          0.6983333333333334,
          0.6733333333333333,
          0.6870833333333334
        ]
      },
      "9": {
        "acc_mean": 0.6908333333333333,
        "acc_std": 0.0067956276792917065,
        "accs": [
          0.6816666666666666,
          0.6920833333333334,
          0.69375,
          0.6870833333333334,
          0.6995833333333333
        ]
      },
      "10": {
        "acc_mean": 0.6903333333333334,
        "acc_std": 0.008612007121842527,
        "accs": [
          0.6770833333333334,
          0.69625,
          0.6870833333333334,
          0.6925,
          0.69875
        ]
      },
      "11": {
        "acc_mean": 0.7018333333333333,
        "acc_std": 0.009558845525364354,
        "accs": [
          0.6879166666666666,
          0.7079166666666666,
          0.6975,
          0.7033333333333334,
          0.7125
        ]
      },
      "12": {
        "acc_mean": 0.69375,
        "acc_std": 0.007540400446189105,
        "accs": [
          0.6825,
          0.7025,
          0.6945833333333333,
          0.69125,
          0.6979166666666666
        ]
      }
    },
    "random_per_layer": {
      "0": {
        "acc_mean": 0.4278333333333334,
        "acc_std": 0.022425416507961572
      },
      "1": {
        "acc_mean": 0.4028333333333333,
        "acc_std": 0.016815481458069135
      },
      "2": {
        "acc_mean": 0.3884166666666667,
        "acc_std": 0.017157865867033443
      },
      "3": {
        "acc_mean": 0.36408333333333337,
        "acc_std": 0.014329335682826037
      },
      "4": {
        "acc_mean": 0.34750000000000003,
        "acc_std": 0.014722549786712287
      },
      "5": {
        "acc_mean": 0.32799999999999996,
        "acc_std": 0.006168918507773931
      },
      "6": {
        "acc_mean": 0.3140833333333333,
        "acc_std": 0.008500408486916647
      },
      "7": {
        "acc_mean": 0.30566666666666664,
        "acc_std": 0.008939418014862291
      },
      "8": {
        "acc_mean": 0.29874999999999996,
        "acc_std": 0.004868050602311654
      },
      "9": {
        "acc_mean": 0.28841666666666665,
        "acc_std": 0.005776508941874456
      },
      "10": {
        "acc_mean": 0.28675,
        "acc_std": 0.007814027628424262
      },
      "11": {
        "acc_mean": 0.27991666666666665,
        "acc_std": 0.00479076078393494
      },
      "12": {
        "acc_mean": 0.275,
        "acc_std": 0.004419417382415932
      }
    },
    "gc_only": {
      "acc_mean": 0.27658333333333335,
      "acc_std": 0.006126558758570927
    },
    "3mer": {
      "acc_mean": 0.5260833333333335,
      "acc_std": 0.018793006234589883
    },
    "4mer": {
      "acc_mean": 0.5764166666666666,
      "acc_std": 0.008871184625892233
    },
    "5mer": {
      "acc_mean": 0.5763333333333334,
      "acc_std": 0.004652881425047899
    }
  },
  "multispecies_gc_matched": {
    "dataset": "multispecies_gc_matched",
    "classes": [
      "arabidopsis",
      "brachypodium_distachyon",
      "oryza_sativa",
      "zea_mays"
    ],
    "n": 3140,
    "trained_per_layer": {
      "0": {
        "acc_mean": 0.4936305732484077,
        "acc_std": 0.02291002320053848,
        "accs": [
          0.5127388535031847,
          0.4856687898089172,
          0.4570063694267516,
          0.5079617834394905,
          0.5047770700636943
        ]
      },
      "1": {
        "acc_mean": 0.49044585987261147,
        "acc_std": 0.021154984483417866,
        "accs": [
          0.5222929936305732,
          0.46337579617834396,
          0.49363057324840764,
          0.4872611464968153,
          0.4856687898089172
        ]
      },
      "2": {
        "acc_mean": 0.5213375796178343,
        "acc_std": 0.008545482716559714,
        "accs": [
          0.5318471337579618,
          0.5127388535031847,
          0.5270700636942676,
          0.5127388535031847,
          0.5222929936305732
        ]
      },
      "3": {
        "acc_mean": 0.5544585987261146,
        "acc_std": 0.003631131927067318,
        "accs": [
          0.5589171974522293,
          0.5557324840764332,
          0.5557324840764332,
          0.552547770700637,
          0.5493630573248408
        ]
      },
      "4": {
        "acc_mean": 0.571656050955414,
        "acc_std": 0.02864029577803337,
        "accs": [
          0.6003184713375797,
          0.5445859872611465,
          0.5461783439490446,
          0.5636942675159236,
          0.6035031847133758
        ]
      },
      "5": {
        "acc_mean": 0.6028662420382166,
        "acc_std": 0.013909215160460136,
        "accs": [
          0.6178343949044586,
          0.5812101910828026,
          0.6035031847133758,
          0.6114649681528662,
          0.6003184713375797
        ]
      },
      "6": {
        "acc_mean": 0.6496815286624203,
        "acc_std": 0.017187128300097824,
        "accs": [
          0.6656050955414012,
          0.6528662420382165,
          0.6226114649681529,
          0.6624203821656051,
          0.6449044585987261
        ]
      },
      "7": {
        "acc_mean": 0.655732484076433,
        "acc_std": 0.021286420274459886,
        "accs": [
          0.6799363057324841,
          0.6401273885350318,
          0.6289808917197452,
          0.6576433121019108,
          0.6719745222929936
        ]
      },
      "8": {
        "acc_mean": 0.6512738853503184,
        "acc_std": 0.02633413281614844,