{
  "region_type": {
    "dataset": "region_type",
    "n_matched": 7245,
    "n_classes": 5,
    "classes": [
      "exon",
      "intergenic",
      "intron",
      "utr3",
      "utr5"
    ],
    "per_class_counts": {
      "exon": 1449,
      "intergenic": 1449,
      "intron": 1449,
      "utr3": 1449,
      "utr5": 1449
    },
    "trained_per_layer": {
      "0": {
        "acc_mean": 0.44748102139406487,
        "acc_std": 0.022725128279282445,
        "f1_mean": 0.4432560975089463
      },
      "1": {
        "acc_mean": 0.493719806763285,
        "acc_std": 0.015250180242978228,
        "f1_mean": 0.4901456385848325
      },
      "2": {
        "acc_mean": 0.5086266390614217,
        "acc_std": 0.01227774111432517,
        "f1_mean": 0.5062740752000141
      },
      "3": {
        "acc_mean": 0.5162180814354727,
        "acc_std": 0.010259536747631836,
        "f1_mean": 0.5130059092286932
      },
      "4": {
        "acc_mean": 0.513871635610766,
        "acc_std": 0.013910893498916553,
        "f1_mean": 0.5106734536288786
      },
      "5": {
        "acc_mean": 0.5290545203588681,
        "acc_std": 0.015281379498673291,
        "f1_mean": 0.526615656179925
      },
      "6": {
        "acc_mean": 0.5469979296066252,
        "acc_std": 0.015312515186004629,
        "f1_mean": 0.5434915087911281
      },
      "7": {
        "acc_mean": 0.5710144927536231,
        "acc_std": 0.01391089349891656,
        "f1_mean": 0.5677486058345397
      },
      "8": {
        "acc_mean": 0.5893719806763285,
        "acc_std": 0.005835588172977119,
        "f1_mean": 0.5866852907582433
      },
      "9": {
        "acc_mean": 0.5917184265010352,
        "acc_std": 0.012898253473724286,
        "f1_mean": 0.5887407193245501
      },
      "10": {
        "acc_mean": 0.5853692201518289,
        "acc_std": 0.01149021691553759,
        "f1_mean": 0.5834589275942561
      },
      "11": {
        "acc_mean": 0.5991718426501036,
        "acc_std": 0.010795645106010486,
        "f1_mean": 0.5964937688513245
      },
      "12": {
        "acc_mean": 0.5834368530020704,
        "acc_std": 0.010731483515486634,
        "f1_mean": 0.5808951343898093
      }
    },
    "trained_best_layer": 11,
    "trained_best_acc": 0.5991718426501036,
    "random_per_layer": {
      "0": {
        "acc_mean": 0.39986197377501725,
        "acc_std": 0.012925918308839917
      },
      "1": {
        "acc_mean": 0.40814354727398205,
        "acc_std": 0.0029116664057596982
      },
      "2": {
        "acc_mean": 0.4020703933747412,
        "acc_std": 0.010918476390254549
      },
      "3": {
        "acc_mean": 0.3896480331262939,
        "acc_std": 0.008375929012256055
      },
      "4": {
        "acc_mean": 0.37211870255348517,
        "acc_std": 0.011291608191712375
      },
      "5": {
        "acc_mean": 0.361352657004831,
        "acc_std": 0.01314514114651113
      },
      "6": {
        "acc_mean": 0.34975845410628026,
        "acc_std": 0.01033354698923108
      },
      "7": {
        "acc_mean": 0.32933057280883365,
        "acc_std": 0.01660192148797471
      },
      "8": {
        "acc_mean": 0.3296066252587992,
        "acc_std": 0.013747301143396815
      },
      "9": {
        "acc_mean": 0.32201518288474806,
        "acc_std": 0.00831887161093397
      },
      "10": {
        "acc_mean": 0.30710835058661146,
        "acc_std": 0.0061145773452965435
      },
      "11": {
        "acc_mean": 0.3083505866114562,
        "acc_std": 0.005033701181176116
      },
      "12": {
        "acc_mean": 0.3130434782608696,
        "acc_std": 0.008057114629507952
      }
    },
    "random_best_layer": 1,
    "random_best_acc": 0.40814354727398205,
    "3mer": {
      "acc_mean": 0.49648033126293994,
      "acc_std": 0.014846643820041253
    },
    "4mer": {
      "acc_mean": 0.5146997929606625,
      "acc_std": 0.0192211120411669
    },
    "5mer": {
      "acc_mean": 0.48309178743961356,
      "acc_std": 0.011762636679820101
    },
    "gc_only": {
      "acc_mean": 0.19075224292615597,
      "acc_std": 0.0034368252858492003
    }
  },
  "splice": {
    "dataset": "splice",
    "n_matched": 8445,
    "n_classes": 3,
    "classes": [
      "acceptor",
      "donor",
      "nonsite"
    ],
    "per_class_counts": {
      "acceptor": 2815,
      "donor": 2815,
      "nonsite": 2815
    },
    "trained_per_layer": {
      "0": {
        "acc_mean": 0.5873297809354648,
        "acc_std": 0.01110814863190866,
        "f1_mean": 0.5847827580930524
      },
      "1": {
        "acc_mean": 0.5895796329188869,
        "acc_std": 0.009374487134966181,
        "f1_mean": 0.5870388394280663
      },
      "2": {
        "acc_mean": 0.6059206631142688,
        "acc_std": 0.008975225369632744,
        "f1_mean": 0.6045795641744696
      },
      "3": {
        "acc_mean": 0.6029603315571344,
        "acc_std": 0.0037585719948144093,
        "f1_mean": 0.6011071847996892
      },
      "4": {
        "acc_mean": 0.6092362344582594,
        "acc_std": 0.0069803588647434035,
        "f1_mean": 0.60773408366629
      },
      "5": {
        "acc_mean": 0.6272350503256365,
        "acc_std": 0.006218105791884511,
        "f1_mean": 0.6263152724746935
      },
      "6": {
        "acc_mean": 0.6378922439313203,
        "acc_std": 0.007726408652580142,
        "f1_mean": 0.6373421080146427
      },
      "7": {
        "acc_mean": 0.6549437537004145,
        "acc_std": 0.007644307529463315,
        "f1_mean": 0.6537687781164025
      },
      "8": {
        "acc_mean": 0.6539964476021314,
        "acc_std": 0.01105754176902664,
        "f1_mean": 0.6529636896890474
      },
      "9": {
        "acc_mean": 0.6539964476021314,
        "acc_std": 0.005239034175400554,
        "f1_mean": 0.6528669792894998
      },
      "10": {
        "acc_mean": 0.653878034339846,
        "acc_std": 0.010488100012601734,
        "f1_mean": 0.6536898267780227
      },
      "11": {
        "acc_mean": 0.6589698046181172,
        "acc_std": 0.009463805425189941,
        "f1_mean": 0.6579454190553075
      },
      "12": {
        "acc_mean": 0.6541148608644168,
        "acc_std": 0.004418734909898245,
        "f1_mean": 0.6528725518795163
      }
    },
    "trained_best_layer": 11,
    "trained_best_acc": 0.6589698046181172,
    "random_per_layer": {
      "0": {
        "acc_mean": 0.5121373593842511,
        "acc_std": 0.013828266091328192
      },
      "1": {
        "acc_mean": 0.5013617525162818,
        "acc_std": 0.009605352180307029
      },
      "2": {
        "acc_mean": 0.4892835997631734,
        "acc_std": 0.0066801244322407674
      },
      "3": {
        "acc_mean": 0.479692125518058,
        "acc_std": 0.008387722169177698
      },
      "4": {
        "acc_mean": 0.46382474837181764,
        "acc_std": 0.003517691125521129
      },
      "5": {
        "acc_mean": 0.44689165186500884,
        "acc_std": 0.009327628463378555
      },
      "6": {
        "acc_mean": 0.44191829484902306,
        "acc_std": 0.0056572547948330444
      },
      "7": {
        "acc_mean": 0.4356423919478981,
        "acc_std": 0.007364029291053232
      },
      "8": {
        "acc_mean": 0.42534043812907046,
        "acc_std": 0.006600941969055637
      },
      "9": {
        "acc_mean": 0.42048549437537003,
        "acc_std": 0.011536940398259051
      },
      "10": {
        "acc_mean": 0.41160449970396684,
        "acc_std": 0.0052690575396772
      },
      "11": {
        "acc_mean": 0.40106571936056834,
        "acc_std": 0.010905919312972478
      },
      "12": {
        "acc_mean": 0.3989342806394316,
        "acc_std": 0.00762134470338946
      }
    },
    "random_best_layer": 0,
    "random_best_acc": 0.5121373593842511,
    "3mer": {
      "acc_mean": 0.5981053878034339,
      "acc_std": 0.015407381107707912
    },
    "4mer": {
      "acc_mean": 0.6262877442273534,
      "acc_std": 0.011954755716137707
    },
    "5mer": {
      "acc_mean": 0.6098283007696862,